15,18.273,631.37,824.4,75.301,0.011435
15,21,628.11,812.59,75.579,0.15265
15,23.727,624.84,800.78,75.857,0.29364
15,26.455,621.58,788.98,76.134,0.43441
15,29.182,618.31,777.17,76.412,0.57496
15.354,19.636,629.64,817.23,75.429,0.095449
15.354,22.364,626.38,805.43,75.707,0.23654
15.354,25.091,623.11,793.62,75.984,0.37741
15.354,27.818,619.85,781.81,76.262,0.51806
15.707,18,631.5,823.06,75.252,0.024075
15.707,20.727,628.24,811.25,75.529,0.16529
15.707,23.455,624.97,799.44,75.807,0.30628
15.707,26.182,621.71,787.63,76.085,0.44704
15.707,28.909,618.44,775.82,76.362,0.58759
16.061,18.818,630.43,818.25,75.324,0.079844
16.061,21.545,627.16,806.44,75.602,0.22098
16.061,24.273,623.9,794.64,75.879,0.36189
16.061,27,620.63,782.83,76.157,0.50258
16.061,29.727,617.37,771.02,76.434,0.64305
16.414,19.364,629.68,814.63,75.369,0.12147
16.414,22.091,626.41,802.82,75.646,0.26254
16.414,24.818,623.15,791.01,75.924,0.4034
16.414,27.545,619.88,779.2,76.201,0.54403
16.768,16.909,632.52,823.99,75.108,0.0077015
16.768,19.636,629.26,812.18,75.385,0.14896
16.768,22.364,625.99,800.38,75.663,0.29001
16.768,25.091,622.72,788.57,75.941,0.43083
16.768,27.818,619.46,776.76,76.218,0.57143
17.121,16.909,632.42,822.73,75.097,0.021092
17.121,19.636,629.16,810.92,75.374,0.16234
17.121,22.364,625.89,799.11,75.652,0.30337
17.121,25.091,622.63,787.31,75.93,0.44418
17.121,27.818,619.36,775.5,76.207,0.58477
17.475,16.636,632.65,822.65,75.058,0.020346
17.475,19.364,629.39,810.84,75.336,0.16161
17.475,22.091,626.12,799.03,75.613,0.30264
17.475,24.818,622.86,787.22,75.891,0.44346
17.475,27.545,619.59,775.42,76.169,0.58406
17.828,16.091,633.21,823.75,74.992,0.0054601
17.828,18.818,629.94,811.94,75.269,0.14675
17.828,21.545,626.68,800.13,75.547,0.28782
17.828,24.273,623.41,788.32,75.824,0.42867
17.828,27,620.15,776.51,76.102,0.5693
17.828,29.727,616.88,764.71,76.38,0.70972
18.182,18,630.83,814.22,75.175,0.11777
18.182,20.727,627.56,802.41,75.453,0.2589
18.182,23.455,624.3,790.6,75.73,0.3998
18.182,26.182,621.03,778.79,76.008,0.54049
18.182,28.909,617.77,766.99,76.285,0.68095
18.535,16.909,632.04,817.68,75.053,0.074649
18.535,19.636,628.77,805.87,75.331,0.21585
18.535,22.364,625.51,794.06,75.608,0.35683
18.535,25.091,622.24,782.26,75.886,0.49759
18.535,27.818,618.98,770.45,76.163,0.63813
18.889,15.545,633.57,822.32,74.903,0.01736
18.889,18.273,630.31,810.51,75.181,0.15866
18.889,21,627.04,798.7,75.458,0.29974
18.889,23.727,623.78,786.9,75.736,0.4406
18.889,26.455,620.51,775.09,76.014,0.58124
18.889,29.182,617.25,763.28,76.291,0.72165
19.242,16.636,632.17,816.34,75.003,0.087296
19.242,19.364,628.9,804.53,75.281,0.2285
19.242,22.091,625.64,792.72,75.559,0.36947
19.242,24.818,622.37,780.91,75.836,0.51023
19.242,27.545,619.11,769.1,76.114,0.65077
19.596,14.727,634.36,823.34,74.798,0.0017225
19.596,17.455,631.09,811.53,75.076,0.14306
19.596,20.182,627.83,799.72,75.353,0.28419
19.596,22.909,624.56,787.91,75.631,0.42509
19.596,25.636,621.3,776.11,75.909,0.56577
19.596,28.364,618.03,764.3,76.186,0.70623
19.949,15.273,633.61,819.71,74.843,0.043404
19.949,18,630.34,807.91,75.12,0.18469
19.949,20.727,627.08,796.1,75.398,0.32575
19.949,23.455,623.81,784.29,75.675,0.4666
19.949,26.182,620.55,772.48,75.953,0.60722
19.949,28.909,617.28,760.67,76.231,0.74763
20.303,15.545,633.18,817.27,74.859,0.070935
20.303,18.273,629.92,805.46,75.137,0.21219
20.303,21,626.65,793.65,75.415,0.35322
20.303,23.727,623.39,781.85,75.692,0.49403
20.303,26.455,620.12,770.04,75.97,0.63462
20.303,29.182,616.86,758.23,76.248,0.77499
20.657,15.818,632.76,814.83,74.876,0.098462
20.657,18.545,629.5,803.02,75.154,0.23968
20.657,21.273,626.23,791.21,75.431,0.38068
20.657,24,622.97,779.4,75.709,0.52145
20.657,26.727,619.7,767.6,75.987,0.66201
20.657,29.455,616.44,755.79,76.264,0.80234
21.01,15.818,632.66,813.57,74.865,0.11185
21.01,18.545,629.4,801.76,75.143,0.25306
21.01,21.273,626.13,789.95,75.421,0.39404
21.01,24,622.87,778.14,75.698,0.53481
21.01,26.727,619.6,766.33,75.976,0.67535
21.01,29.455,616.34,754.52,76.253,0.81567
21.364,15.545,632.89,813.48,74.827,0.11111
21.364,18.273,629.63,801.68,75.104,0.25233
21.364,21,626.36,789.87,75.382,0.39332
21.364,23.727,623.1,778.06,75.659,0.5341
21.364,26.455,619.83,766.25,75.937,0.67465
21.364,29.182,616.57,754.44,76.215,0.81498
21.717,15,633.45,814.58,74.76,0.096239
21.717,17.727,630.19,802.77,75.038,0.23749
21.717,20.455,626.92,790.97,75.315,0.37851
21.717,23.182,623.65,779.16,75.593,0.51932
21.717,25.909,620.39,767.35,75.871,0.6599
21.717,28.636,617.12,755.54,76.148,0.80027
22.071,14.182,634.33,816.86,74.666,0.067219
22.071,16.909,631.07,805.05,74.943,0.20852
22.071,19.636,627.8,793.25,75.221,0.3496
22.071,22.364,624.54,781.44,75.499,0.49046
22.071,25.091,621.27,769.63,75.776,0.6311
22.071,27.818,618.01,757.82,76.054,0.77152
22.424,13.091,635.54,820.32,74.544,0.024039
22.424,15.818,632.28,808.52,74.821,0.16542
22.424,18.545,629.01,796.71,75.099,0.30657
22.424,21.273,625.75,784.9,75.377,0.44751
22.424,24,622.48,773.09,75.654,0.58822
22.424,26.727,619.22,761.28,75.932,0.72872
22.424,29.455,615.95,749.47,76.21,0.86899
22.778,14.455,633.81,813.16,74.672,0.10815
22.778,17.182,630.55,801.35,74.949,0.24941
22.778,19.909,627.28,789.54,75.227,0.39044
22.778,22.636,624.02,777.73,75.505,0.53125
22.778,25.364,620.75,765.92,75.782,0.67185
22.778,28.091,617.49,754.12,76.06,0.81222
23.131,12.818,635.68,818.98,74.494,0.036696
23.131,15.545,632.41,807.17,74.772,0.17807
23.131,18.273,629.14,795.36,75.049,0.31923
23.131,21,625.88,783.55,75.327,0.46016
23.131,23.727,622.61,771.75,75.605,0.60087
23.131,26.455,619.35,759.94,75.882,0.74136
23.131,29.182,616.08,748.13,76.16,0.88164
23.485,13.636,634.6,814.17,74.567,0.092531
23.485,16.364,631.33,802.37,74.844,0.23383
23.485,19.091,628.07,790.56,75.122,0.3749
23.485,21.818,624.8,778.75,75.399,0.51576
23.485,24.545,621.54,766.94,75.677,0.65639
23.485,27.273,618.27,755.13,75.955,0.79681
23.485,30,615.01,743.33,76.232,0.937
23.838,14.182,633.85,810.55,74.611,0.1342
23.838,16.909,630.58,798.74,74.889,0.27544
23.838,19.636,627.32,786.93,75.166,0.41646
23.838,22.364,624.05,775.13,75.444,0.55726
23.838,25.091,620.79,763.32,75.722,0.69784
23.838,27.818,617.52,751.51,75.999,0.8382
24.192,11.727,636.69,819.91,74.35,0.020305
24.192,14.455,633.43,808.11,74.628,0.16173
24.192,17.182,630.16,796.3,74.906,0.30294
24.192,19.909,626.89,784.49,75.183,0.44392
24.192,22.636,623.63,772.68,75.461,0.58469
24.192,25.364,620.36,760.87,75.738,0.72523
24.192,28.091,617.1,749.07,76.016,0.86556
24.545,11.727,636.59,818.65,74.339,0.033712
24.545,14.455,633.33,806.84,74.617,0.17513
24.545,17.182,630.06,795.04,74.895,0.31632
24.545,19.909,626.8,783.23,75.172,0.45729
24.545,22.636,623.53,771.42,75.45,0.59805
24.545,25.364,620.27,759.61,75.727,0.73858
24.545,28.091,617,747.8,76.005,0.87889
24.899,11.455,636.82,818.57,74.301,0.032966
24.899,14.182,633.56,806.76,74.578,0.17439
24.899,16.909,630.29,794.95,74.856,0.31559
24.899,19.636,627.03,783.15,75.133,0.45658
24.899,22.364,623.76,771.34,75.411,0.59734
24.899,25.091,620.5,759.53,75.689,0.73788
24.899,27.818,617.23,747.72,75.966,0.8782
25.253,10.909,637.38,819.67,74.234,0.018063
25.253,13.636,634.11,807.86,74.512,0.15952
25.253,16.364,630.85,796.05,74.789,0.30076
25.253,19.091,627.58,784.25,75.067,0.44177
25.253,21.818,624.32,772.44,75.345,0.58257
25.253,24.545,621.05,760.63,75.622,0.72314
25.253,27.273,617.79,748.82,75.9,0.86349
25.253,30,614.52,737.01,76.177,1.0036
25.606,12.818,635,810.14,74.418,0.13051
25.606,15.545,631.73,798.33,74.695,0.2718
25.606,18.273,628.47,786.53,74.973,0.41287
25.606,21,625.2,774.72,75.25,0.55372
25.606,23.727,621.94,762.91,75.528,0.69434
25.606,26.455,618.67,751.1,75.806,0.83475
25.606,29.182,615.41,739.29,76.083,0.97494
25.96,11.727,636.21,813.6,74.296,0.087335
25.96,14.455,632.94,801.79,74.573,0.2287
25.96,17.182,629.68,789.99,74.851,0.36985
25.96,19.909,626.41,778.18,75.128,0.51077
25.96,22.636,623.15,766.37,75.406,0.65147
25.96,25.364,619.88,754.56,75.684,0.79196
25.96,28.091,616.62,742.75,75.961,0.93222
26.313,10.364,637.74,818.24,74.146,0.02998
26.313,13.091,634.48,806.44,74.423,0.17144
26.313,15.818,631.21,794.63,74.701,0.31269
26.313,18.545,627.95,782.82,74.979,0.45371
26.313,21.273,624.68,771.01,75.256,0.59451
26.313,24,621.42,759.2,75.534,0.73509
26.313,26.727,618.15,747.39,75.811,0.87546
26.313,29.455,614.89,735.59,76.089,1.0156
26.667,11.455,636.34,812.26,74.246,0.099998
26.667,14.182,633.07,800.45,74.523,0.24136
26.667,16.909,629.81,788.64,74.801,0.38251
26.667,19.636,626.54,776.83,75.079,0.52343
26.667,22.364,623.28,765.03,75.356,0.66413
26.667,25.091,620.01,753.22,75.634,0.80461
26.667,27.818,616.75,741.41,75.912,0.94487
27.02,9.5455,638.53,819.26,74.041,0.014325
27.02,12.273,635.26,807.45,74.318,0.15583
27.02,15,632,795.64,74.596,0.29712
27.02,17.727,628.73,783.84,74.873,0.43818
27.02,20.455,625.47,772.03,75.151,0.57903
27.02,23.182,622.2,760.22,75.429,0.71965
27.02,25.909,618.94,748.41,75.706,0.86005
27.02,28.636,615.67,736.6,75.984,1.0002
27.374,10.364,637.45,814.46,74.113,0.070211
27.374,13.091,634.19,802.65,74.391,0.21164
27.374,15.818,630.92,790.84,74.668,0.35285
27.374,18.545,627.66,779.03,74.946,0.49383
27.374,21.273,624.39,767.22,75.223,0.6346
27.374,24,621.13,755.42,75.501,0.77514
27.374,26.727,617.86,743.61,75.779,0.91547
27.374,29.455,614.6,731.8,76.056,1.0556
27.727,10.909,636.7,810.83,74.157,0.11192
27.727,13.636,633.44,799.02,74.435,0.25329
27.727,16.364,630.17,787.22,74.713,0.39444
27.727,19.091,626.91,775.41,74.99,0.53537
27.727,21.818,623.64,763.6,75.268,0.67608
27.727,24.545,620.38,751.79,75.546,0.81657
27.727,27.273,617.11,739.98,75.823,0.95684
27.727,30,613.85,728.17,76.101,1.0969
28.081,11.182,636.28,808.39,74.174,0.13948
28.081,13.909,633.01,796.58,74.452,0.28081
28.081,16.636,629.75,784.77,74.73,0.42193
28.081,19.364,626.48,772.96,75.007,0.56282
28.081,22.091,623.22,761.16,75.285,0.7035
28.081,24.818,619.95,749.35,75.562,0.84396
28.081,27.545,616.69,737.54,75.84,0.98419
28.434,8.4545,639.45,818.93,73.886,0.011333
28.434,11.182,636.18,807.13,74.163,0.15288
28.434,13.909,632.92,795.32,74.441,0.29421
28.434,16.636,629.65,783.51,74.719,0.43531
28.434,19.364,626.39,771.7,74.996,0.57619
28.434,22.091,623.12,759.89,75.274,0.71686
28.434,24.818,619.86,748.09,75.551,0.8573
28.434,27.545,616.59,736.28,75.829,0.99752
28.788,8.1818,639.68,818.85,73.847,0.010585
28.788,10.909,636.41,807.04,74.125,0.15214
28.788,13.636,633.15,795.24,74.402,0.29348
28.788,16.364,629.88,783.43,74.68,0.43459
28.788,19.091,626.62,771.62,74.957,0.57549
28.788,21.818,623.35,759.81,75.235,0.71616
28.788,24.545,620.09,748,75.513,0.85661
28.788,27.273,616.82,736.2,75.79,0.99685
28.788,30,613.55,724.39,76.068,1.1369
29.141,10.364,636.97,808.14,74.058,0.13726
29.141,13.091,633.7,796.34,74.336,0.27862
29.141,15.818,630.44,784.53,74.613,0.41977
29.141,18.545,627.17,772.72,74.891,0.5607
29.141,21.273,623.91,760.91,75.169,0.7014
29.141,24,620.64,749.1,75.446,0.84189
29.141,26.727,617.38,737.29,75.724,0.98215
29.141,29.455,614.11,725.49,76.001,1.1222
29.495,9.5455,637.85,810.42,73.964,0.10822
29.495,12.273,634.58,798.62,74.242,0.24964
29.495,15,631.32,786.81,74.519,0.39084
29.495,17.727,628.05,775,74.797,0.53182
29.495,20.455,624.79,763.19,75.074,0.67258
29.495,23.182,621.52,751.38,75.352,0.81311
29.495,25.909,618.26,739.57,75.63,0.95343
29.495,28.636,614.99,727.77,75.907,1.0935
29.848,8.4545,639.06,813.88,73.842,0.065001
29.848,11.182,635.79,802.08,74.12,0.2065
29.848,13.909,632.53,790.27,74.397,0.34778
29.848,16.636,629.26,778.46,74.675,0.48883
29.848,19.364,626,766.65,74.952,0.62967
29.848,22.091,622.73,754.84,75.23,0.77028
29.848,24.818,619.47,743.04,75.508,0.91068
29.848,27.545,616.2,731.23,75.785,1.0509
30.202,7.0909,640.59,818.53,73.692,0.0075906
30.202,9.8182,637.33,806.72,73.97,0.14919
30.202,12.545,634.06,794.91,74.247,0.29056
30.202,15.273,630.8,783.1,74.525,0.43172
30.202,18,627.53,771.29,74.803,0.57265
30.202,20.727,624.27,759.49,75.08,0.71336
30.202,23.455,621,747.68,75.358,0.85386
30.202,26.182,617.74,735.87,75.635,0.99413
30.202,28.909,614.47,724.06,75.913,1.1342
30.556,8.1818,639.19,812.54,73.792,0.077673
30.556,10.909,635.93,800.73,74.07,0.21917
30.556,13.636,632.66,788.92,74.347,0.36044
30.556,16.364,629.4,777.12,74.625,0.5015
30.556,19.091,626.13,765.31,74.903,0.64233
30.556,21.818,622.87,753.5,75.18,0.78294
30.556,24.545,619.6,741.69,75.458,0.92334
30.556,27.273,616.34,729.88,75.736,1.0635
30.556,30,613.07,718.07,76.013,1.2035
30.909,9,638.12,807.74,73.865,0.13356
30.909,11.727,634.85,795.93,74.142,0.27498
30.909,14.455,631.59,784.12,74.42,0.41617
30.909,17.182,628.32,772.31,74.697,0.55715
30.909,19.909,625.05,760.5,74.975,0.6979
30.909,22.636,621.79,748.69,75.253,0.83844
30.909,25.364,618.52,736.89,75.53,0.97875
30.909,28.091,615.26,725.08,75.808,1.1188
31.263,6.8182,640.63,815.92,73.632,0.033687
31.263,9.5455,637.37,804.11,73.909,0.17527
31.263,12.273,634.1,792.3,74.187,0.31663
31.263,15,630.84,780.49,74.464,0.45777
31.263,17.727,627.57,768.69,74.742,0.59869
31.263,20.455,624.3,756.88,75.02,0.73939
31.263,23.182,621.04,745.07,75.297,0.87987
31.263,25.909,617.77,733.26,75.575,1.0201
31.263,28.636,614.51,721.45,75.852,1.1602
31.616,7.0909,640.21,813.48,73.648,0.061276
31.616,9.8182,636.94,801.67,73.926,0.20283
31.616,12.545,633.68,789.86,74.204,0.34415
31.616,15.273,630.41,778.05,74.481,0.48526
31.616,18,627.15,766.24,74.759,0.62614
31.616,20.727,623.88,754.44,75.036,0.76681
31.616,23.455,620.62,742.63,75.314,0.90725
31.616,26.182,617.35,730.82,75.592,1.0475
31.616,28.909,614.09,719.01,75.869,1.1875
31.97,7.0909,640.11,812.21,73.637,0.074697
31.97,9.8182,636.85,800.41,73.915,0.21623
31.97,12.545,633.58,788.6,74.193,0.35755
31.97,15.273,630.32,776.79,74.47,0.49864
31.97,18,627.05,764.98,74.748,0.63951
31.97,20.727,623.78,753.17,75.025,0.78017
31.97,23.455,620.52,741.36,75.303,0.9206
31.97,26.182,617.25,729.56,75.581,1.0608
31.97,28.909,613.99,717.75,75.858,1.2008
32.323,6.8182,640.34,812.13,73.599,0.073953
32.323,9.5455,637.08,800.32,73.876,0.2155
32.323,12.273,633.81,788.52,74.154,0.35682
32.323,15,630.54,776.71,74.432,0.49793
32.323,17.727,627.28,764.9,74.709,0.63881
32.323,20.455,624.01,753.09,74.987,0.77947
32.323,23.182,620.75,741.28,75.264,0.91991
32.323,25.909,617.48,729.47,75.542,1.0601
32.323,28.636,614.22,717.67,75.82,1.2001
32.677,6.2727,640.9,813.23,73.532,0.059041
32.677,9,637.63,801.42,73.81,0.20062
32.677,11.727,634.37,789.61,74.087,0.34198
32.677,14.455,631.1,777.81,74.365,0.48311
32.677,17.182,627.84,766,74.643,0.62402
32.677,19.909,624.57,754.19,74.92,0.76472
32.677,22.636,621.31,742.38,75.198,0.90519
32.677,25.364,618.04,730.57,75.476,1.0454
32.677,28.091,614.77,718.77,75.753,1.1855
33.03,5.4545,641.78,815.51,73.438,0.029951
33.03,8.1818,638.51,803.7,73.716,0.17158
33.03,10.909,635.25,791.89,73.993,0.31299
33.03,13.636,631.98,780.09,74.271,0.45418
33.03,16.364,628.72,768.28,74.548,0.59515
33.03,19.091,625.45,756.47,74.826,0.7359
33.03,21.818,622.19,744.66,75.104,0.87643
33.03,24.545,618.92,732.85,75.381,1.0167
33.03,27.273,615.66,721.05,75.659,1.1568
33.03,30,612.39,709.24,75.937,1.2967
33.384,7.0909,639.72,807.16,73.594,0.12838
33.384,9.8182,636.46,795.36,73.871,0.26986
33.384,12.545,633.19,783.55,74.149,0.41113
33.384,15.273,629.93,771.74,74.426,0.55217
33.384,18,626.66,759.93,74.704,0.693
33.384,20.727,623.4,748.12,74.982,0.8336
33.384,23.455,620.13,736.31,75.259,0.97398
33.384,26.182,616.87,724.51,75.537,1.1141
33.384,28.909,613.6,712.7,75.815,1.2541
33.737,5.7273,641.26,811.8,73.444,0.070975
33.737,8.4545,637.99,800,73.721,0.21256
33.737,11.182,634.73,788.19,73.999,0.35393
33.737,13.909,631.46,776.38,74.277,0.49507
33.737,16.636,628.2,764.57,74.554,0.63599
33.737,19.364,624.93,752.76,74.832,0.77669
33.737,22.091,621.67,740.96,75.11,0.91717
33.737,24.818,618.4,729.15,75.387,1.0574
33.737,27.545,615.14,717.34,75.665,1.1975
34.091,4.3636,642.79,816.45,73.294,0.013529
34.091,7.0909,639.53,804.64,73.572,0.15521
34.091,9.8182,636.26,792.83,73.849,0.29668
34.091,12.545,633,781.02,74.127,0.43792
34.091,15.273,629.73,769.21,74.405,0.57894
34.091,18,626.47,757.41,74.682,0.71974
34.091,20.727,623.2,745.6,74.96,0.86032
34.091,23.455,619.94,733.79,75.237,1.0007
34.091,26.182,616.67,721.98,75.515,1.1408
34.091,28.909,613.41,710.17,75.793,1.2807
34.444,5.4545,641.39,810.46,73.394,0.083656
34.444,8.1818,638.13,798.65,73.672,0.22524
34.444,10.909,634.86,786.84,73.949,0.3666
34.444,13.636,631.6,775.04,74.227,0.50774
34.444,16.364,628.33,763.23,74.505,0.64866
34.444,19.091,625.07,751.42,74.782,0.78936
34.444,21.818,621.8,739.61,75.06,0.92984
34.444,24.545,618.54,727.8,75.337,1.0701
34.444,27.273,615.27,716,75.615,1.2101
34.444,30,612.01,704.19,75.893,1.35
34.798,6.2727,640.32,805.66,73.466,0.13958
34.798,9,637.05,793.85,73.744,0.28108
34.798,11.727,633.79,782.04,74.022,0.42236
34.798,14.455,630.52,770.23,74.299,0.56343
34.798,17.182,627.25,758.42,74.577,0.70427
34.798,19.909,623.99,746.61,74.855,0.84489
34.798,22.636,620.72,734.81,75.132,0.98529
34.798,25.364,617.46,723,75.41,1.1255
34.798,28.091,614.19,711.19,75.687,1.2654
35.152,4.0909,642.83,813.84,73.233,0.039643
35.152,6.8182,639.57,802.03,73.511,0.18131
35.152,9.5455,636.3,790.22,73.789,0.32276
35.152,12.273,633.04,778.42,74.066,0.46399
35.152,15,629.77,766.61,74.344,0.605
35.152,17.727,626.5,754.8,74.622,0.74578
35.152,20.455,623.24,742.99,74.899,0.88634
35.152,23.182,619.97,731.18,75.177,1.0267
35.152,25.909,616.71,719.37,75.454,1.1668
35.152,28.636,613.44,707.57,75.732,1.3067
35.505,4.3636,642.41,811.4,73.25,0.06725
35.505,7.0909,639.14,799.59,73.528,0.20889
35.505,9.8182,635.88,787.78,73.805,0.3503
35.505,12.545,632.61,775.97,74.083,0.49149
35.505,15.273,629.35,764.16,74.361,0.63246
35.505,18,626.08,752.36,74.638,0.77322
35.505,20.727,622.82,740.55,74.916,0.91375
35.505,23.455,619.55,728.74,75.194,1.0541
35.505,26.182,616.29,716.93,75.471,1.1941
35.505,28.909,613.02,705.12,75.749,1.334
35.859,4.3636,642.31,810.13,73.239,0.080679
35.859,7.0909,639.05,798.33,73.517,0.2223
35.859,9.8182,635.78,786.52,73.795,0.36371
35.859,12.545,632.51,774.71,74.072,0.50489
35.859,15.273,629.25,762.9,74.35,0.64584
35.859,18,625.98,751.09,74.627,0.78658
35.859,20.727,622.72,739.28,74.905,0.9271
35.859,23.455,619.45,727.48,75.183,1.0674
35.859,26.182,616.19,715.67,75.46,1.2075
35.859,28.909,612.92,703.86,75.738,1.3473
36.212,4.3636,642.21,808.87,73.228,0.094108
36.212,7.0909,638.95,797.06,73.506,0.23572
36.212,9.8182,635.68,785.26,73.784,0.37711
36.212,12.545,632.42,773.45,74.061,0.51828
36.212,15.273,629.15,761.64,74.339,0.65923
36.212,18,625.89,749.83,74.616,0.79995
36.212,20.727,622.62,738.02,74.894,0.94046
36.212,23.455,619.36,726.21,75.172,1.0807
36.212,26.182,616.09,714.41,75.449,1.2208
36.212,28.909,612.83,702.6,75.727,1.3607
36.566,4.3636,642.12,807.61,73.217,0.10754
36.566,7.0909,638.85,795.8,73.495,0.24914
36.566,9.8182,635.59,783.99,73.773,0.39051
36.566,12.545,632.32,772.18,74.05,0.53167
36.566,15.273,629.06,760.38,74.328,0.67261
36.566,18,625.79,748.57,74.605,0.81332
36.566,20.727,622.53,736.76,74.883,0.95381
36.566,23.455,619.26,724.95,75.161,1.0941
36.566,26.182,616,713.14,75.438,1.2341
36.566,28.909,612.73,701.34,75.716,1.374
36.919,4.3636,642.02,806.35,73.206,0.12097
36.919,7.0909,638.75,794.54,73.484,0.26255
36.919,9.8182,635.49,782.73,73.762,0.40392
36.919,12.545,632.22,770.92,74.039,0.54506
36.919,15.273,628.96,759.11,74.317,0.68598
36.919,18,625.69,747.31,74.595,0.82669
36.919,20.727,622.43,735.5,74.872,0.96717
36.919,23.455,619.16,723.69,75.15,1.1074
36.919,26.182,615.9,711.88,75.427,1.2475
36.919,28.909,612.63,700.07,75.705,1.3873
37.273,4.3636,641.92,805.08,73.195,0.13439
37.273,7.0909,638.66,793.28,73.473,0.27597
37.273,9.8182,635.39,781.47,73.751,0.41732
37.273,12.545,632.13,769.66,74.028,0.55845
37.273,15.273,628.86,757.85,74.306,0.69936
37.273,18,625.6,746.04,74.584,0.84005
37.273,20.727,622.33,734.23,74.861,0.98052
37.273,23.455,619.07,722.43,75.139,1.1208
37.273,26.182,615.8,710.62,75.416,1.2608
37.273,28.909,612.54,698.81,75.694,1.4006
37.626,4.3636,641.83,803.82,73.185,0.14782
37.626,7.0909,638.56,792.01,73.462,0.28938
37.626,9.8182,635.3,780.2,73.74,0.43073
37.626,12.545,632.03,768.4,74.017,0.57184
37.626,15.273,628.77,756.59,74.295,0.71274
37.626,18,625.5,744.78,74.573,0.85342
37.626,20.727,622.24,732.97,74.85,0.99388
37.626,23.455,618.97,721.16,75.128,1.1341
37.626,26.182,615.7,709.36,75.405,1.2741
37.626,28.909,612.44,697.55,75.683,1.4139
37.98,4.3636,641.73,802.56,73.174,0.16125
37.98,7.0909,638.46,790.75,73.451,0.3028
37.98,9.8182,635.2,778.94,73.729,0.44413
37.98,12.545,631.93,767.13,74.006,0.58524
37.98,15.273,628.67,755.33,74.284,0.72612
37.98,18,625.4,743.52,74.562,0.86679
37.98,20.727,622.14,731.71,74.839,1.0072
37.98,23.455,618.87,719.9,75.117,1.1475
37.98,26.182,615.61,708.09,75.395,1.2875
37.98,28.909,612.34,696.29,75.672,1.4273
38.333,4.3636,641.63,801.3,73.163,0.17468
38.333,7.0909,638.37,789.49,73.44,0.31621
38.333,9.8182,635.1,777.68,73.718,0.45753
38.333,12.545,631.84,765.87,73.995,0.59863
38.333,15.273,628.57,754.06,74.273,0.7395
38.333,18,625.31,742.26,74.551,0.88015
38.333,20.727,622.04,730.45,74.828,1.0206
38.333,23.455,618.78,718.64,75.106,1.1608
38.333,26.182,615.51,706.83,75.384,1.3008
38.333,28.909,612.25,695.02,75.661,1.4406
38.687,4.3636,641.54,800.03,73.152,0.1881
38.687,7.0909,638.27,788.23,73.429,0.32963
38.687,9.8182,635.01,776.42,73.707,0.47093
38.687,12.545,631.74,764.61,73.985,0.61202
38.687,15.273,628.47,752.8,74.262,0.75288
38.687,18,625.21,740.99,74.54,0.89352
38.687,20.727,621.94,729.18,74.817,1.0339
38.687,23.455,618.68,717.38,75.095,1.1741
38.687,26.182,615.41,705.57,75.373,1.3141
38.687,28.909,612.15,693.76,75.65,1.4539
39.04,4.3636,641.44,798.77,73.141,0.20153
39.04,7.0909,638.17,786.96,73.418,0.34304
39.04,9.8182,634.91,775.15,73.696,0.48434
39.04,12.545,631.64,763.35,73.974,0.62541
39.04,15.273,628.38,751.54,74.251,0.76626
39.04,18,625.11,739.73,74.529,0.90689
39.04,20.727,621.85,727.92,74.806,1.0473
39.04,23.455,618.58,716.11,75.084,1.1875
39.04,26.182,615.32,704.31,75.362,1.3275
39.04,28.909,612.05,692.5,75.639,1.4672
39.394,4.3636,641.34,797.51,73.13,0.21496
39.394,7.0909,638.08,785.7,73.407,0.35646
39.394,9.8182,634.81,773.89,73.685,0.49774
39.394,12.545,631.55,762.08,73.963,0.6388
39.394,15.273,628.28,750.28,74.24,0.77963
39.394,18,625.02,738.47,74.518,0.92025
39.394,20.727,621.75,726.66,74.795,1.0606
39.394,23.455,618.49,714.85,75.073,1.2008
39.394,26.182,615.22,703.04,75.351,1.3408
39.394,28.909,611.96,691.24,75.628,1.4805
39.747,4.3636,641.25,796.25,73.119,0.22838
39.747,7.0909,637.98,784.44,73.396,0.36987
39.747,9.8182,634.71,772.63,73.674,0.51114
39.747,12.545,631.45,760.82,73.952,0.65218
39.747,15.273,628.18,749.01,74.229,0.79301
39.747,18,624.92,737.21,74.507,0.93362
39.747,20.727,621.65,725.4,74.785,1.074
39.747,23.455,618.39,713.59,75.062,1.2142
39.747,26.182,615.12,701.78,75.34,1.3541
39.747,28.909,611.86,689.97,75.617,1.4938
40.101,4.3636,641.15,794.98,73.108,0.24181
40.101,7.0909,637.88,783.18,73.385,0.38328
40.101,9.8182,634.62,771.37,73.663,0.52454
40.101,12.545,631.35,759.56,73.941,0.66557
40.101,15.273,628.09,747.75,74.218,0.80639
40.101,18,624.82,735.94,74.496,0.94698
40.101,20.727,621.56,724.13,74.774,1.0874
40.101,23.455,618.29,712.33,75.051,1.2275
40.101,26.182,615.03,700.52,75.329,1.3674
40.101,28.909,611.76,688.71,75.606,1.5072
40.455,4.3636,641.05,793.72,73.097,0.25523
40.455,7.0909,637.79,781.91,73.375,0.3967
40.455,9.8182,634.52,770.1,73.652,0.53794
40.455,12.545,631.26,758.3,73.93,0.67896
40.455,15.273,627.99,746.49,74.207,0.81976
40.455,18,624.73,734.68,74.485,0.96034
40.455,20.727,621.46,722.87,74.763,1.1007
40.455,23.455,618.2,711.06,75.04,1.2408
40.455,26.182,614.93,699.26,75.318,1.3808
40.455,28.909,611.66,687.45,75.595,1.5205
40.808,4.3636,640.95,792.46,73.086,0.26866
40.808,7.0909,637.69,780.65,73.364,0.41011
40.808,9.8182,634.42,768.84,73.641,0.55134
40.808,12.545,631.16,757.03,73.919,0.69235
40.808,15.273,627.89,745.23,74.196,0.83314
40.808,18,624.63,733.42,74.474,0.97371
40.808,20.727,621.36,721.61,74.752,1.1141
40.808,23.455,618.1,709.8,75.029,1.2542
40.808,26.182,614.83,697.99,75.307,1.3941
40.808,28.909,611.57,686.19,75.585,1.5338
41.162,4.3636,640.86,791.2,73.075,0.28208
41.162,7.0909,637.59,779.39,73.353,0.42352
41.162,9.8182,634.33,767.58,73.63,0.56474
41.162,12.545,631.06,755.77,73.908,0.70574
41.162,15.273,627.8,743.96,74.185,0.84652
41.162,18,624.53,732.16,74.463,0.98707
41.162,20.727,621.27,720.35,74.741,1.1274
41.162,23.455,618,708.54,75.018,1.2675
41.162,26.182,614.74,696.73,75.296,1.4074
41.162,28.909,611.47,684.92,75.574,1.5471
41.515,4.3636,640.76,789.93,73.064,0.29551
41.515,7.0909,637.5,778.13,73.342,0.43693
41.515,9.8182,634.23,766.32,73.619,0.57814
41.515,12.545,630.97,754.51,73.897,0.71913
41.515,15.273,627.7,742.7,74.175,0.85989
41.515,18,624.43,730.89,74.452,1.0004
41.515,20.727,621.17,719.08,74.73,1.1408
41.515,23.455,617.9,707.28,75.007,1.2809
41.515,26.182,614.64,695.47,75.285,1.4208
41.515,28.909,611.37,683.66,75.563,1.5604
41.869,4.3636,640.66,788.67,73.053,0.30893
41.869,7.0909,637.4,776.86,73.331,0.45035
41.869,9.8182,634.13,765.05,73.608,0.59154
41.869,12.545,630.87,753.25,73.886,0.73251
41.869,15.273,627.6,741.44,74.164,0.87327
41.869,18,624.34,729.63,74.441,1.0138
41.869,20.727,621.07,717.82,74.719,1.1541
41.869,23.455,617.81,706.01,74.996,1.2942
41.869,26.182,614.54,694.21,75.274,1.4341
41.869,28.909,611.28,682.4,75.552,1.5737
42.222,4.3636,640.57,787.41,73.042,0.32235
42.222,7.0909,637.3,775.6,73.32,0.46376
42.222,9.8182,634.04,763.79,73.597,0.60494
42.222,12.545,630.77,751.98,73.875,0.7459
42.222,15.273,627.51,740.18,74.153,0.88664
42.222,18,624.24,728.37,74.43,1.0272
42.222,20.727,620.98,716.56,74.708,1.1675
42.222,23.455,617.71,704.75,74.985,1.3075
42.222,26.182,614.45,692.94,75.263,1.4474
42.222,28.909,611.18,681.14,75.541,1.587
42.576,4.3636,640.47,786.15,73.031,0.33578
42.576,7.0909,637.21,774.34,73.309,0.47717
42.576,9.8182,633.94,762.53,73.586,0.61834
42.576,12.545,630.67,750.72,73.864,0.75929
42.576,15.273,627.41,738.91,74.142,0.90002
42.576,18,624.14,727.11,74.419,1.0405
42.576,20.727,620.88,715.3,74.697,1.1808
42.576,23.455,617.61,703.49,74.975,1.3209
42.576,26.182,614.35,691.68,75.252,1.4607
42.576,28.909,611.08,679.87,75.53,1.6004
42.929,4.3636,640.37,784.88,73.02,0.3492
42.929,7.0909,637.11,773.08,73.298,0.49058
42.929,9.8182,633.84,761.27,73.575,0.63174
42.929,12.545,630.58,749.46,73.853,0.77267
42.929,15.273,627.31,737.65,74.131,0.91339
42.929,18,624.05,725.84,74.408,1.0539
42.929,20.727,620.78,714.03,74.686,1.1942
42.929,23.455,617.52,702.23,74.964,1.3342
42.929,26.182,614.25,690.42,75.241,1.4741
42.929,28.909,610.99,678.61,75.519,1.6137
43.283,4.3636,640.28,783.62,73.009,0.36262
43.283,7.0909,637.01,771.81,73.287,0.50399
43.283,9.8182,633.75,760,73.565,0.64514
43.283,12.545,630.48,748.2,73.842,0.78606
43.283,15.273,627.22,736.39,74.12,0.92676
43.283,18,623.95,724.58,74.397,1.0672
43.283,20.727,620.69,712.77,74.675,1.2075
43.283,23.455,617.42,700.96,74.953,1.3476
43.283,26.182,614.16,689.16,75.23,1.4874
43.283,28.909,610.89,677.35,75.508,1.627
43.636,4.3636,640.18,782.36,72.998,0.37604
43.636,7.0909,636.91,770.55,73.276,0.5174
43.636,9.8182,633.65,758.74,73.554,0.65853
43.636,12.545,630.38,746.93,73.831,0.79945
43.636,15.273,627.12,735.13,74.109,0.94014
43.636,18,623.85,723.32,74.386,1.0806
43.636,20.727,620.59,711.51,74.664,1.2209
43.636,23.455,617.32,699.7,74.942,1.3609
43.636,26.182,614.06,687.89,75.219,1.5007
43.636,28.909,610.79,676.08,75.497,1.6403
43.99,4.3636,640.08,781.1,72.987,0.38947
43.99,7.0909,636.82,769.29,73.265,0.53081
43.99,9.8182,633.55,757.48,73.543,0.67193
43.99,12.545,630.29,745.67,73.82,0.81283
43.99,15.273,627.02,733.86,74.098,0.95351
43.99,18,623.76,722.06,74.375,1.094
43.99,20.727,620.49,710.25,74.653,1.2342
43.99,23.455,617.23,698.44,74.931,1.3742
43.99,26.182,613.96,686.63,75.208,1.514
43.99,28.909,610.7,674.82,75.486,1.6536
44.343,4.3636,639.99,779.83,72.976,0.40289
44.343,7.0909,636.72,768.03,73.254,0.54422
44.343,9.8182,633.46,756.22,73.532,0.68533
44.343,12.545,630.19,744.41,73.809,0.82622
44.343,15.273,626.93,732.6,74.087,0.96688
44.343,18,623.66,720.79,74.365,1.1073
44.343,20.727,620.39,708.98,74.642,1.2476
44.343,23.455,617.13,697.18,74.92,1.3876
44.343,26.182,613.86,685.37,75.197,1.5274
44.343,28.909,610.6,673.56,75.475,1.6669
44.697,4.3636,639.89,778.57,72.965,0.41631
44.697,7.0909,636.62,766.76,73.243,0.55763
44.697,9.8182,633.36,754.95,73.521,0.69872
44.697,12.545,630.09,743.15,73.798,0.8396
44.697,15.273,626.83,731.34,74.076,0.98026
44.697,18,623.56,719.53,74.354,1.1207
44.697,20.727,620.3,707.72,74.631,1.2609
44.697,23.455,617.03,695.91,74.909,1.4009
44.697,26.182,613.77,684.11,75.186,1.5407
44.697,28.909,610.5,672.3,75.464,1.6802
45.051,4.3636,639.79,777.31,72.955,0.42973
45.051,7.0909,636.53,765.5,73.232,0.57104
45.051,9.8182,633.26,753.69,73.51,0.71212
45.051,12.545,630,741.88,73.787,0.85299
45.051,15.273,626.73,730.08,74.065,0.99363
45.051,18,623.47,718.27,74.343,1.1341
45.051,20.727,620.2,706.46,74.62,1.2743
45.051,23.455,616.94,694.65,74.898,1.4142
45.051,26.182,613.67,682.84,75.175,1.554
45.051,28.909,610.41,671.03,75.453,1.6936
45.404,4.3636,639.7,776.05,72.944,0.44315
45.404,7.0909,636.43,764.24,73.221,0.58445
45.404,9.8182,633.17,752.43,73.499,0.72552
45.404,12.545,629.9,740.62,73.776,0.86637
45.404,15.273,626.63,728.81,74.054,1.007
45.404,18,623.37,717.01,74.332,1.1474
45.404,20.727,620.1,705.2,74.609,1.2876
45.404,23.455,616.84,693.39,74.887,1.4276
45.404,26.182,613.57,681.58,75.165,1.5673
45.404,28.909,610.31,669.77,75.442,1.7069
45.758,4.3636,639.6,774.78,72.933,0.45657
45.758,7.0909,636.33,762.98,73.21,0.59785
45.758,9.8182,633.07,751.17,73.488,0.73891
45.758,12.545,629.8,739.36,73.765,0.87975
45.758,15.273,626.54,727.55,74.043,1.0204
45.758,18,623.27,715.74,74.321,1.1608
45.758,20.727,620.01,703.93,74.598,1.3009
45.758,23.455,616.74,692.13,74.876,1.4409
45.758,26.182,613.48,680.32,75.154,1.5807
45.758,28.909,610.21,668.51,75.431,1.7202
46.111,4.3636,639.5,773.52,72.922,0.46999
46.111,7.0909,636.24,761.71,73.199,0.61126
46.111,9.8182,632.97,749.9,73.477,0.75231
46.111,12.545,629.71,738.1,73.755,0.89314
46.111,15.273,626.44,726.29,74.032,1.0337
46.111,18,623.18,714.48,74.31,1.1741
46.111,20.727,619.91,702.67,74.587,1.3143
46.111,23.455,616.65,690.86,74.865,1.4542
46.111,26.182,613.38,679.06,75.143,1.594
46.111,28.909,610.12,667.25,75.42,1.7335
46.465,4.3636,639.41,772.26,72.911,0.48341
46.465,7.0909,636.14,760.45,73.188,0.62467
46.465,9.8182,632.87,748.64,73.466,0.7657
46.465,12.545,629.61,736.83,73.744,0.90652
46.465,15.273,626.34,725.03,74.021,1.0471
46.465,18,623.08,713.22,74.299,1.1875
46.465,20.727,619.81,701.41,74.576,1.3276
46.465,23.455,616.55,689.6,74.854,1.4676
46.465,26.182,613.28,677.79,75.132,1.6073
46.465,28.909,610.02,665.98,75.409,1.7468
46.818,4.3636,639.31,771,72.9,0.49683
46.818,7.0909,636.04,759.19,73.177,0.63808
46.818,9.8182,632.78,747.38,73.455,0.7791
46.818,12.545,629.51,735.57,73.733,0.9199
46.818,15.273,626.25,723.76,74.01,1.0605
46.818,18,622.98,711.96,74.288,1.2008
46.818,20.727,619.72,700.15,74.565,1.341
46.818,23.455,616.45,688.34,74.843,1.4809
46.818,26.182,613.19,676.53,75.121,1.6206
46.818,28.909,609.92,664.72,75.398,1.7601
47.172,4.3636,639.21,769.73,72.889,0.51025
47.172,7.0909,635.95,757.93,73.166,0.65148
47.172,9.8182,632.68,746.12,73.444,0.79249
47.172,12.545,629.42,734.31,73.722,0.93329
47.172,15.273,626.15,722.5,73.999,1.0739
47.172,18,622.89,710.69,74.277,1.2142
47.172,20.727,619.62,698.88,74.555,1.3543
47.172,23.455,616.36,687.08,74.832,1.4942
47.172,26.182,613.09,675.27,75.11,1.6339
47.172,28.909,609.82,663.46,75.387,1.7734
47.525,4.3636,639.11,768.47,72.878,0.52367
47.525,7.0909,635.85,756.66,73.155,0.66489
47.525,9.8182,632.58,744.85,73.433,0.80589
47.525,12.545,629.32,733.05,73.711,0.94667
47.525,15.273,626.05,721.24,73.988,1.0872
47.525,18,622.79,709.43,74.266,1.2276
47.525,20.727,619.52,697.62,74.544,1.3677
47.525,23.455,616.26,685.81,74.821,1.5076
47.525,26.182,612.99,674.01,75.099,1.6473
47.525,28.909,609.73,662.2,75.376,1.7867
47.879,4.3636,639.02,767.21,72.867,0.53709
47.879,7.0909,635.75,755.4,73.145,0.6783
47.879,9.8182,632.49,743.59,73.422,0.81928
47.879,12.545,629.22,731.78,73.7,0.96005
47.879,15.273,625.96,719.98,73.977,1.1006
47.879,18,622.69,708.17,74.255,1.2409
47.879,20.727,619.43,696.36,74.533,1.381
47.879,23.455,616.16,684.55,74.81,1.5209
47.879,26.182,612.9,672.74,75.088,1.6606
47.879,28.909,609.63,660.93,75.365,1.8
48.232,4.3636,638.92,765.95,72.856,0.55051
48.232,7.0909,635.66,754.14,73.134,0.6917
48.232,9.8182,632.39,742.33,73.411,0.83268
48.232,12.545,629.13,730.52,73.689,0.97343
48.232,15.273,625.86,718.71,73.966,1.114
48.232,18,622.59,706.9,74.244,1.2543
48.232,20.727,619.33,695.1,74.522,1.3944
48.232,23.455,616.06,683.29,74.799,1.5342
48.232,26.182,612.8,671.48,75.077,1.6739
48.232,28.909,609.53,659.67,75.355,1.8133
48.586,4.3636,638.82,764.68,72.845,0.56392
48.586,7.0909,635.56,752.88,73.123,0.70511
48.586,9.8182,632.29,741.07,73.4,0.84607
48.586,12.545,629.03,729.26,73.678,0.98681
48.586,15.273,625.76,717.45,73.955,1.1273
48.586,18,622.5,705.64,74.233,1.2676
48.586,20.727,619.23,693.83,74.511,1.4077
48.586,23.455,615.97,682.03,74.788,1.5476
48.586,26.182,612.7,670.22,75.066,1.6872
48.586,28.909,609.44,658.41,75.344,1.8267
48.939,4.3636,638.73,763.42,72.834,0.57734
48.939,7.0909,635.46,751.61,73.112,0.71851
48.939,9.8182,632.2,739.8,73.389,0.85946
48.939,12.545,628.93,728,73.667,1.0002
48.939,15.273,625.67,716.19,73.945,1.1407
48.939,18,622.4,704.38,74.222,1.281
48.939,20.727,619.14,692.57,74.5,1.4211
48.939,23.455,615.87,680.76,74.777,1.5609
48.939,26.182,612.61,668.96,75.055,1.7005
48.939,28.909,609.34,657.15,75.333,1.84
49.293,4.3636,638.63,762.16,72.823,0.59076
49.293,7.0909,635.37,750.35,73.101,0.73192
49.293,9.8182,632.1,738.54,73.378,0.87286
49.293,12.545,628.83,726.73,73.656,1.0136
49.293,15.273,625.57,714.93,73.934,1.1541
49.293,18,622.3,703.12,74.211,1.2943
49.293,20.727,619.04,691.31,74.489,1.4344
49.293,23.455,615.77,679.5,74.766,1.5742
49.293,26.182,612.51,667.69,75.044,1.7139
49.293,28.909,609.24,655.88,75.322,1.8533
49.646,4.3636,638.53,760.9,72.812,0.60417
49.646,7.0909,635.27,749.09,73.09,0.74532
49.646,9.8182,632,737.28,73.367,0.88625
49.646,12.545,628.74,725.47,73.645,1.027
49.646,15.273,625.47,713.66,73.923,1.1674
49.646,18,622.21,701.85,74.2,1.3077
49.646,20.727,618.94,690.05,74.478,1.4478
49.646,23.455,615.68,678.24,74.755,1.5876
49.646,26.182,612.41,666.43,75.033,1.7272
49.646,28.909,609.15,654.62,75.311,1.8666
50,4.3636,638.44,759.63,72.801,0.61759
50,7.0909,635.17,747.83,73.079,0.75873
50,9.8182,631.91,736.02,73.356,0.89964
50,12.545,628.64,724.21,73.634,1.0403
50,15.273,625.38,712.4,73.912,1.1808
50,18,622.11,700.59,74.189,1.3211
50,20.727,618.85,688.78,74.467,1.4611
50,23.455,615.58,676.98,74.745,1.6009
50,26.182,612.32,665.17,75.022,1.7405
50,28.909,609.05,653.36,75.3,1.8799
